Date,Nom,Temps,État,Description,Type
"24/08/2026","commit initial","[2]","[DONE]",""
"24/08/2026","commit initial","[105]","[DONE]","explication du projet (CdC, Carnet de voyage, projet hanbook)"
"24/08/2026","chore(readme): écriture du readme + structure de fichiers","[21]","[DONE]",""
"24/08/2026","chore(gitignore): ajoute le script d'export pdf aux fichiers ignorés","[19]","[DONE]",""
"24/08/2026","chore(rapport): début du rapport","[30]","[DONE]",""

"31/08/2026","absence","[180]","[DONE]",""

"01/09/2026","docs(rapport): enrichit l'introduction et la planification initiale","[30]","[DONE]","Étoffe les objectifs produit et pédagogiques, décrit le domaine (cryptomonnaies, 5 séries cohérentes, API Binance) et remplace la planification par une version complète (méthodologie, sprints, répartition des tâches, risques)."
"01/09/2026","docs(rapport): rédige l'analyse fonctionnelle avec les user stories","[30]","[DONE]","Ajoute l'analyse fonctionnelle basée sur les user stories du projet Kanban GitHub, avec besoins fonctionnels et non-fonctionnels, ainsi que les contraintes techniques."
"01/09/2026","docs(rapport): retire la répartition des tâches (projet solo)","[15]","[DONE]","Supprime la section répartition des tâches et toutes les mentions d'équipe ou de binôme dans le rapport. Adapte les formulations au singulier et renumérote les sous-sections de la planification."

"07/09/2026","feat(gui): ajoute la fenêtre principale avec le panneau graphique et les checkboxes des séries","[12]","[DONE]",""
"07/09/2026","refactor(gui): génère les checkboxes des séries avec LINQ","[18]","[DONE]",""
"07/09/2026","feat(models): ajoute le record immuable CryptoSeries","[26]","[DONE]",""
"07/09/2026","feat(data): ajoute le catalogue des 5 séries crypto","[12]","[DONE]",""
"07/09/2026","refactor(gui): génère les checkboxes avec LINQ via des méthodes d'extension","[40]","[DONE]",""
"07/09/2026","feat(gui): ajoute ScottPlot pour afficher un graphique X/Y à gauche","[25]","[DONE]",""
"07/09/2026","feat(data): ajoute l'importeur de séries depuis un fichier CSV","[15]","[DONE]",""
"07/09/2026","feat(gui): branche l'import CSV dans la fenêtre principale","[18]","[DONE]",""
"07/09/2026","chore(journal): enregistre l'import CSV dans le journal","[2]","[DONE]",""
"07/09/2026","chore(scripts): ajoute le script get_commit","[2]","[DONE]",""
"07/09/2026","feat(data): ajoute l'importeur de séries depuis un fichier CSV","[3]","[WIP]",""
"07/09/2026","feat(gui): branche l'import CSV dans la fenêtre principale","[3]","[WIP]",""

"14/09/2026","chor(data): ajout les data au forma json","[15]","[DONE]","data de base pour le bon fonctionnement de l'app"
"14/09/2026","Feat(import): import basique des data et affichage","[25]","[DONE]","importe les data depuis une sources fix possibilité de réécrire sur les date"
"14/09/2026","chor(Data): ajout de data pour mes tests d'importation","[10]","[DONE]",""
"14/09/2026","Feat(data): sauvegarde et importation","[20]","[DONE]","sauvegarde dans SQLite les datas. Importation: ajout les data ne fait pas de chevauchement"
"14/09/2026","feat(compart): ajout d'un bouton pour changer ajuster l'echelle","[40]","[DONE]","vu les écart que j'ai entre mes devise j'ai décider d'ajouter un bouton pour comparé. le consepete mettre tous en Base 100 pour une meuilleur comparaison. Un hover sur les points indique la valeur de base"
"14/09/2026","Feat(Test): ajout de teste unitaire basiques","[20]","[WIP]","Structure basique tests basique pas forcement fonctionnel"
"14/09/2026","doc(Prof): discution","[25]","[DONE]",""
"14/09/2026","refactor(ALL): sortire du mainPage.cs le code","[22]","[WIP]",""
"14/09/2026","Chor(JNR): mise a jour","[2]","[DONE]",""

"28/09/2026","feat(script): script qui récupère directement sur l'api","[35]","[DONE]",""
"28/09/2026","chor(Repo): untrack json","[10]","[DONE]","Pourquoi j'ai fait ça: les Json peuvent être généré avec le script du commit d'avant l'il n'y a donc plus d'utilité."
"28/09/2026","chor(repo): modification du gitignore","[?]","[?]",""
"28/09/2026","update(db): up to 190000 data","[5]","[DONE]",""
"28/09/2026","perf(plot): SignalXY, survol fenêtré et couleurs fixes par série","[?]","[?]","Le rendu devenait poussif avec les 39 000 bougies par série : Scatter redessinait un marqueur par point à chaque zoom. Passage à SignalXY, qui ne trace que la partie visible, et recherche du point survolé limitée à une fenêtre trouvée par dichotomie au lieu de reprojeter toute la série. Les couleurs viennent maintenant d'une palette indexée sur la position de la série, pour que masquer une courbe ne recolore plus les autres. 🤖 Generated with Codebuff Co-Authored-By: Codebuff <noreply@codebuff.com>"
"28/09/2026","Merge branch 'main' of https://github.com/BlackAngelTVdev/P-Fun","[?]","[?]",""
"28/09/2026","doc(MAJ): mise a jour du rapport et du JNR","[10]","[DONE]",""
"28/09/2026","refactor(all): verification linq","[30]","[DONE]",""
"28/09/2026","fix(data): fait que ca écrase les encien si chevauchement","[25]","[DONE]",""
"28/09/2026","test(unit): ajout 2 tests","[25]","[DONE]",""
